<?xml version="1.0" encoding="UTF-8"?>
<conversion>
  <applied-converters>
    <converter id="js-debug-configuration-converter" />
    <converter id="js-predefined-libraries-merged" />
  </applied-converters>
  <project-files>
    <file path="D:\Projects\megaorder.de\.idea\codeStyleSettings.xml" timestamp="1482879875102" />
    <file path="D:\Projects\megaorder.de\.idea\copyright\profiles_settings.xml" timestamp="1482872528237" />
    <file path="D:\Projects\megaorder.de\.idea\jsLibraryMappings.xml" timestamp="1482873702696" />
    <file path="D:\Projects\megaorder.de\.idea\megaorder.de.iml" timestamp="1482873702583" />
    <file path="D:\Projects\megaorder.de\.idea\modules.xml" timestamp="1482872528275" />
    <file path="D:\Projects\megaorder.de\.idea\vcs.xml" timestamp="1482872531972" />
    <file path="D:\Projects\megaorder.de\.idea\watcherTasks.xml" timestamp="1482880469131" />
    <file path="D:\Projects\megaorder.de\.idea\workspace.xml" timestamp="1482887698446" />
  </project-files>
</conversion>

