<application>
  <component name="DimensionService">
    <location key="FileChooserDialogImpl.0.0.1920.1080@120dpi" x="688" y="128" />
    <location key="WELCOME_SCREEN.0.0.1920.1080@120dpi" x="959" y="287" />
    <location key="com.intellij.ide.util.TipDialog.0.0.1920.1080@120dpi" x="666" y="314" />
    <location key="SettingsEditor.0.0.1920.1080@120dpi" x="36" y="0" />
    <location key="#Browse_Repositories.0.0.1920.1080@120dpi" x="506" y="164" />
    <location key="#Browse_JetBrains_Plugins_.0.0.1920.1080@120dpi" x="506" y="164" />
    <location key="#PHP.0.0.1920.1080@120dpi" x="611" y="162" />
    <location key="#com.intellij.fileTypes.FileTypeChooser.0.0.1920.1080@120dpi" x="687" y="367" />
    <size key="SettingsEditor.0.0.1920.1080@120dpi" width="1666" height="996" />
  </component>
</application>