<application>
  <component name="FeatureUsageStatistics" first-run="1482522777661" have-been-shown="false" show-in-other="true" show-in-compilation="true">
    <feature id="editing.completion.camelHumps" count="1" last-shown="0" last-used="1482884883973" shown-count="0" />
    <feature id="codeassists.comment.line" count="0" last-shown="0" last-used="0" shown-count="0" />
    <feature id="codeassists.surroundwith.statement" count="0" last-shown="0" last-used="0" shown-count="0" />
    <feature id="refactoring.rename" count="0" last-shown="0" last-used="0" shown-count="0" />
    <feature id="navigation.popup.action" count="0" last-shown="0" last-used="0" shown-count="0" />
    <feature id="editing.completion.cancelByControlArrows" count="0" last-shown="0" last-used="0" shown-count="0" />
    <feature id="navigation.popup.symbol" count="0" last-shown="0" last-used="0" shown-count="0" />
    <feature id="find.recent.search" count="0" last-shown="0" last-used="0" shown-count="0" />
    <feature id="editing.completion.replace" count="0" last-shown="0" last-used="0" shown-count="0" />
    <feature id="refactoring.introduceConstant" count="0" last-shown="0" last-used="0" shown-count="0" />
    <feature id="navigation.goto.inspection" count="0" last-shown="0" last-used="0" shown-count="0" />
    <feature id="navigation.popup.camelprefix" count="0" last-shown="0" last-used="0" shown-count="0" />
    <feature id="SearchEverywhere" count="0" last-shown="0" last-used="0" shown-count="0" />
    <feature id="navigation.popup.class" count="0" last-shown="0" last-used="0" shown-count="0" />
    <feature id="navigation.popup.file" count="0" last-shown="0" last-used="0" shown-count="0" />
    <feature id="navigation.popup.wildcards" count="0" last-shown="0" last-used="0" shown-count="0" />
    <feature id="refactoring.introduceVariable" count="0" last-shown="0" last-used="0" shown-count="0" />
    <feature id="codeassists.quickdefinition" count="0" last-shown="1482878763182" last-used="0" shown-count="1" />
    <feature id="find.completion" count="0" last-shown="0" last-used="0" shown-count="0" />
    <feature id="editing.completion.basic" count="18" last-shown="0" last-used="1482889123447" shown-count="0" />
    <feature id="tag.name.completion" count="0" last-shown="0" last-used="0" shown-count="0" />
    <feature id="codeassists.surroundwith.expression" count="0" last-shown="0" last-used="0" shown-count="0" />
    <feature id="editing.select.word" count="61" last-shown="0" last-used="1482890231371" shown-count="0" />
    <feature id="navigation.recent.files" count="0" last-shown="0" last-used="0" shown-count="0" />
    <feature id="navigation.goto.declaration" count="2" last-shown="0" last-used="1482844774632" shown-count="0" />
    <feature id="editing.completion.finishByDotEtc" count="0" last-shown="1482878763182" last-used="0" shown-count="3" />
    <feature id="codeassists.quickjavadoc.lookup" count="0" last-shown="0" last-used="0" shown-count="0" />
    <feature id="ui.scheme.quickswitch" count="0" last-shown="0" last-used="0" shown-count="0" />
    <feature id="navigation.popup.file.structure" count="0" last-shown="0" last-used="0" shown-count="0" />
    <feature id="refactoring.inlineVariable" count="0" last-shown="0" last-used="0" shown-count="0" />
    <feature id="editing.completion.finishByCtrlDot" count="0" last-shown="0" last-used="0" shown-count="0" />
    <feature id="codeassists.quickjavadoc.ctrln" count="0" last-shown="0" last-used="0" shown-count="0" />
    <feature id="navigation.select.in" count="0" last-shown="0" last-used="0" shown-count="0" />
    <feature id="navigation.goto.usages" count="0" last-shown="0" last-used="0" shown-count="0" />
    <feature id="codeassists.comment.block" count="0" last-shown="0" last-used="0" shown-count="0" />
    <feature id="codeassists.quickjavadoc" count="0" last-shown="1482878763182" last-used="0" shown-count="1" />
    <feature id="ui.recentchanges" count="0" last-shown="0" last-used="0" shown-count="0" />
    <feature id="ui.tree.speedsearch" count="3" last-shown="0" last-used="1482779273665" shown-count="0" />
    <feature id="editing.completion.changeSorting" count="0" last-shown="0" last-used="0" shown-count="0" />
    <feature id="ui.horizontal.scrolling" count="0" last-shown="0" last-used="0" shown-count="0" />
    <feature id="codeassists.quickdefinition.lookup" count="0" last-shown="0" last-used="0" shown-count="0" />
    <completionStatsTag>
      <option name="sparedCharacters" value="69" />
      <option name="invocations" value="10" />
      <option name="startDate" value="1482793200000" />
      <option name="dayCount" value="2" />
      <option name="lastDate" value="1482879600000" />
    </completionStatsTag>
    <fixesStatsTag>
      <option name="invocations" value="3" />
      <option name="startDate" value="1482793200000" />
      <option name="dayCount" value="2" />
      <option name="lastDate" value="1482879600000" />
    </fixesStatsTag>
  </component>
</application>