<application>
  <component name="PropertiesComponent">
    <property name="evlsprt3.162" value="14" />
    <property name="PhpStorm.InitialConfiguration" value="true" />
    <property name="PhpStorm.dumbRunEnabled" value="true" />
    <property name="PhpStorm.initialConfigurationShown" value="true" />
    <property name="file.chooser.recent.files" value="D:/Projects/megaorder.de&#10;C:/Users/gerdt/Downloads/config/juicy-contrast.icls&#10;D:/Projects/Test" />
    <property name="toolwindow.stripes.buttons.info.shown" value="true" />
    <property name="DeploymentNotificationsComponent.WarnDisplayed.Java7&amp;Windows7FTPIssue" value="false" />
    <property name="lastTip" value="3" />
    <property name="selected.color.option.type" value="CSS.IDENT" />
    <property name="ColorChooser.RecentColors" value="82-0-1-255,,,57-0-82-255,,,172-102-0-255,,,10-146-172-255,,,102-0-0-255,,,255-251-0-255,,,237-185-46-255,,,237-207-198-255,,,116-227-40-255,,,119-0-227-255,,,143-0-227-255,,,0-0-0-255,,,124-13-87-255,,,14-4-8-255,,,146-0-255-255,,,227-6-0-255,,,60-63-65-255,,,255-255-255-255,,,255-0-0-255,,,140-140-0-255" />
    <property name="settings.code.style.selected.tab.PHP" value="Wrapping and Braces" />
    <property name="PLUGIN_FILTER" value="mater&#10;angular mat" />
    <property name="com.chrisrm.idea.MaterialThemeUI.theme" value="DEFAULT" />
    <property name="Copy.OpenInEditor" value="true" />
  </component>
</application>