<application>
  <component name="RecentDirectoryProjectsManager">
    <option name="recentPaths">
      <list>
        <option value="D:\Projects\megaorder.de" />
        <option value="D:\Projects\Test" />
      </list>
    </option>
    <option name="openPaths">
      <list>
        <option value="D:\Projects\megaorder.de" />
      </list>
    </option>
    <option name="lastPath" value="D:\Projects\megaorder.de" />
    <option name="additionalInfo">
      <map>
        <entry key="D:\Projects\Test">
          <value>
            <RecentProjectMetaInfo>
              <option name="build" value="PS-162.2380.11" />
              <option name="productionCode" value="PS" />
              <option name="binFolder" value="C:\Program Files (x86)\JetBrains\PhpStorm 2016.2.2\bin" />
              <option name="projectOpenTimestamp" value="1482844356889" />
              <option name="buildTimestamp" value="1477260000000" />
            </RecentProjectMetaInfo>
          </value>
        </entry>
        <entry key="D:\Projects\megaorder.de">
          <value>
            <RecentProjectMetaInfo>
              <option name="build" value="PS-162.2380.11" />
              <option name="productionCode" value="PS" />
              <option name="binFolder" value="C:\Program Files (x86)\JetBrains\PhpStorm 2016.2.2\bin" />
              <option name="projectOpenTimestamp" value="1482888280602" />
              <option name="buildTimestamp" value="1477260000000" />
            </RecentProjectMetaInfo>
          </value>
        </entry>
      </map>
    </option>
  </component>
</application>