<application>
  <component name="UsageTrigger">
    <counts>
      <entry feature="CreateFile.CreateFileAction" count="7" />
      <entry feature="ide.settings.CSS" count="2" />
      <entry feature="ide.settings.Colors_&amp;_Fonts" count="1" />
      <entry feature="ide.settings.Console_Font" count="2" />
      <entry feature="ide.settings.Database" count="1" />
      <entry feature="ide.settings.Diff_&amp;_Merge" count="1" />
      <entry feature="ide.settings.Font" count="8" />
      <entry feature="ide.settings.General" count="12" />
      <entry feature="ide.settings.HTML" count="1" />
      <entry feature="ide.settings.JavaScript" count="6" />
      <entry feature="ide.settings.Keymap" count="3" />
      <entry feature="ide.settings.Language_Defaults" count="1" />
      <entry feature="ide.settings.Less" count="1" />
      <entry feature="ide.settings.PHP" count="40" />
      <entry feature="ide.settings.Plugins" count="1" />
      <entry feature="ide.settings.Smart_Keys" count="3" />
      <entry feature="ideaapp.started" count="8" />
      <entry feature="terminal.win" count="1" />
      <entry feature="uml.ShowDiagram.PHP" count="1" />
      <entry feature="welcome.screen.WelcomeScreen.OpenDirectoryProject" count="1" />
    </counts>
  </component>
</application>